student_id,study_hours_per_week,attendance_percentage,previous_gpa,age,passed
1,4.8,58.9,2.46,19,1
2,3.0,94.0,1.46,21,0
3,2.8,85.9,3.2,21,1
4,2.8,90.9,3.09,23,1
5,9.3,99.5,1.96,21,1
6,5.7,82.0,3.07,20,1
7,2.3,83.9,2.8,18,1
8,4.9,36.0,1.48,20,1
9,4.0,80.6,1.82,20,1
10,0.5,100.0,3.41,21,1
11,1.3,84.7,2.75,22,1
12,4.2,62.8,2.05,19,1
13,8.7,72.7,1.81,24,1
14,2.8,58.4,2.09,18,0
15,2.1,83.9,2.14,20,1
16,3.6,86.5,1.82,18,1
17,2.0,54.4,1.11,18,1
18,2.6,25.8,3.41,19,0
19,3.3,72.1,3.28,18,1
20,1.3,74.7,1.48,19,1
21,5.9,98.4,2.61,20,1
22,1.1,100.0,1.78,22,1
23,0.9,60.6,2.29,18,1
24,3.9,95.8,2.22,21,1
25,5.6,72.1,2.16,20,1
26,3.8,89.5,4.0,22,1
27,3.0,83.7,2.15,19,1
28,2.6,58.2,1.85,18,1
29,2.3,70.4,1.89,18,1
30,6.9,100.0,3.34,18,1
31,4.2,61.7,1.18,20,1
32,2.4,72.0,1.89,22,0
33,1.9,82.6,3.66,18,1
34,5.2,83.5,2.7,21,1
35,6.8,91.9,2.65,18,1
36,6.4,77.5,4.0,20,1
37,1.6,91.8,2.7,21,1
38,2.6,31.3,1.93,18,1
39,2.2,67.7,2.27,19,0
40,2.9,84.5,1.59,21,1
41,5.9,67.3,3.5,18,1
42,8.2,82.1,2.96,22,1
43,4.4,91.2,3.4,20,1
44,1.9,20.0,3.47,21,0
45,3.2,97.2,2.17,19,1
46,9.2,89.5,1.74,18,1
47,3.6,100.0,2.46,21,1
48,2.6,58.4,1.8,19,0
49,2.8,74.0,2.63,20,0
50,4.3,65.6,3.41,22,1
51,1.7,33.6,2.37,21,1
52,2.2,100.0,2.62,23,1
53,6.3,88.3,2.42,20,1
54,4.3,78.6,3.14,18,1
55,3.6,42.8,1.97,19,1
56,6.5,90.7,0.74,20,1
57,1.8,99.5,2.88,22,1
58,2.6,83.5,3.29,18,1
59,4.2,68.5,2.86,20,1
60,4.1,85.3,1.99,23,1
61,0.9,86.2,1.59,19,1
62,2.4,86.4,2.9,21,1
63,2.9,32.0,2.61,20,1
64,4.5,71.3,2.4,21,1
65,4.0,79.2,3.96,18,1
66,3.1,49.6,1.74,18,1
67,0.5,97.2,3.92,20,1
68,3.3,85.1,2.53,18,1
69,3.5,51.0,1.03,19,0
70,14.6,78.4,2.36,20,1
71,2.9,74.1,3.27,23,1
72,4.2,37.8,2.21,20,1
73,7.2,91.2,1.32,21,1
74,5.7,88.2,2.37,22,1
75,8.4,86.5,1.81,18,1
76,0.9,72.7,2.89,19,1
77,1.4,98.6,3.12,24,1
78,2.1,100.0,1.65,19,1
79,0.7,78.9,1.94,22,1
80,3.5,89.4,3.11,21,1
81,1.5,54.2,1.81,18,1
82,9.2,41.9,1.63,20,1
83,1.7,61.4,1.56,20,1
84,2.6,98.2,2.78,20,1
85,5.9,20.0,2.75,18,1
86,1.1,96.6,1.95,18,1
87,0.7,94.5,2.5,19,1
88,3.8,51.1,3.72,19,0
89,4.1,91.7,1.72,22,1
90,5.8,81.9,0.94,23,1
91,4.9,74.4,2.86,22,1
92,4.2,83.6,2.41,21,1
93,1.9,67.7,1.93,18,1
94,4.0,98.2,3.02,19,1
95,4.1,97.9,3.17,20,1
96,1.8,84.2,0.73,18,1
97,10.8,100.0,1.98,21,1
98,4.7,100.0,4.0,21,1
99,1.4,96.6,2.97,21,0
100,5.8,52.1,3.04,22,1
101,6.5,64.9,3.44,18,1
102,4.5,85.9,2.51,21,1
103,2.7,93.4,3.14,18,1
104,1.7,64.7,3.07,18,1
105,3.1,51.6,2.93,21,0
106,4.3,94.6,2.24,22,1
107,3.4,85.9,2.64,20,1
108,8.7,100.0,2.03,20,1
109,5.2,36.1,2.51,20,0
110,1.6,45.3,1.57,20,1
111,1.3,20.0,1.87,18,0
112,4.7,54.4,2.27,18,0
113,2.8,75.6,1.75,19,1
114,5.5,67.0,2.1,20,1
115,4.7,84.6,2.37,20,1
116,3.1,82.2,2.82,21,1
117,1.6,79.0,3.26,19,1
118,0.8,56.9,2.13,21,1
119,3.9,96.0,3.57,19,1
120,1.0,34.7,3.25,23,1
121,1.5,70.3,2.9,20,1
122,3.7,70.9,2.62,24,1
123,3.5,45.7,2.76,20,1
124,1.2,96.2,3.45,19,1
125,7.0,40.1,3.48,18,1
126,6.9,87.1,3.57,18,1
127,4.8,47.8,2.53,18,1
128,4.8,65.4,2.94,18,1
129,4.8,100.0,3.57,20,1
130,6.5,92.9,2.0,18,1
131,5.3,57.0,2.25,20,1
132,1.7,33.5,2.51,22,1
133,2.8,83.8,3.22,19,1
134,13.6,99.4,3.23,24,1
135,0.5,87.8,2.32,18,1
136,2.3,93.7,1.29,19,1
137,7.0,95.9,2.7,18,1
138,1.8,81.5,1.77,21,1
139,5.4,20.0,1.31,18,1
140,3.5,91.1,1.49,18,1
141,1.9,65.1,2.76,19,1
142,0.5,72.5,3.59,23,1
143,3.8,89.5,2.53,20,1
144,1.7,83.1,2.67,18,1
145,3.0,39.4,3.45,18,0
146,4.8,49.0,1.26,23,1
147,6.1,88.2,2.92,18,1
148,2.3,70.7,2.49,18,0
149,1.9,89.8,2.95,22,1
150,1.0,92.6,2.11,22,1
151,6.3,69.5,1.85,22,1
152,12.4,87.0,2.61,18,1
153,6.8,73.0,3.82,18,1
154,7.8,62.4,3.19,20,1
155,1.8,69.7,2.09,20,1
156,4.6,44.1,1.43,20,0
157,5.8,84.1,1.15,22,1
158,1.3,96.6,3.55,18,1
159,9.6,32.9,1.74,21,1
160,0.8,54.3,2.24,18,1
161,8.6,71.8,3.56,21,1
162,0.8,93.3,1.21,19,1
163,1.4,81.3,3.69,18,1
164,4.7,89.8,2.3,18,1
165,3.5,90.2,1.58,18,1
166,2.4,44.4,2.3,20,1
167,9.3,71.6,1.92,18,1
168,1.0,73.3,2.85,21,1
169,3.0,71.7,1.98,21,1
170,5.1,95.7,0.97,23,1
171,4.1,38.8,2.32,20,1
172,2.0,90.5,1.41,21,1
173,2.0,93.8,2.66,22,1
174,6.0,30.9,1.55,18,0
175,6.2,77.8,2.11,18,1
176,4.2,78.3,2.65,20,0
177,1.6,72.1,2.33,18,1
178,2.1,57.7,2.7,24,0
179,3.3,84.6,3.04,22,1
180,3.6,48.9,1.57,24,1
181,5.0,62.8,2.45,20,1
182,2.8,77.4,0.0,21,1
183,6.0,65.5,2.7,19,1
184,5.9,100.0,2.26,21,1
185,8.0,89.8,1.71,18,1
186,3.4,87.7,2.75,18,1
187,4.2,100.0,3.44,18,1
188,3.0,50.6,2.12,18,1
189,1.6,73.4,1.74,22,1
190,12.2,97.6,2.63,23,1
191,7.3,80.0,1.43,18,1
192,5.8,52.1,1.97,22,1
193,3.3,88.9,3.48,21,0
194,1.5,100.0,2.55,18,1
195,6.5,77.0,1.0,19,1
196,3.0,91.9,1.06,18,1
197,4.5,63.5,2.63,21,1
198,2.1,80.7,3.19,18,1
199,4.0,37.5,1.21,19,1
200,2.2,74.9,2.86,18,1
201,2.3,76.3,3.56,20,1
202,4.0,79.9,4.0,19,1
203,0.8,100.0,2.76,18,1
204,0.9,62.3,2.91,19,1
205,1.8,81.9,0.79,24,1
206,2.8,76.1,4.0,19,1
207,6.1,88.6,2.04,18,1
208,2.9,38.0,1.75,21,0
209,3.3,87.1,2.3,19,1
210,2.6,74.8,3.71,18,1
211,4.2,83.1,4.0,24,1
212,1.6,100.0,2.6,19,1
213,3.1,81.0,3.3,19,1
214,4.5,77.0,2.53,20,1
215,3.9,100.0,1.67,23,1
216,3.4,64.5,3.68,18,1
217,3.4,86.3,2.0,20,1
218,4.8,78.2,3.73,24,1
219,12.6,97.5,3.54,20,1
220,1.7,85.9,2.99,18,1
221,12.8,83.6,3.96,18,1
222,1.7,67.8,4.0,20,0
223,0.5,97.3,2.36,22,1
224,2.2,91.3,1.85,19,1
225,4.3,64.3,1.01,21,0
226,10.9,85.8,4.0,18,1
227,1.5,44.1,2.15,18,0
228,4.8,75.4,3.41,19,1
229,1.0,59.1,1.91,22,1
230,10.7,45.2,3.73,20,1
231,7.4,86.3,1.94,20,1
232,2.3,74.8,1.55,20,0
233,8.2,20.2,2.33,22,1
234,3.0,70.4,2.07,18,0
235,7.7,87.5,2.98,21,1
236,3.3,40.3,2.46,18,1
237,3.5,100.0,3.0,23,1
238,2.3,21.9,2.27,18,1
239,5.2,89.6,1.97,18,1
240,3.7,82.2,2.03,21,1
241,4.8,89.1,4.0,20,1
242,0.7,20.0,2.68,20,0
243,7.8,93.4,0.91,20,1
244,9.2,82.6,2.08,18,1
245,3.6,90.7,2.58,23,1
246,12.0,91.2,3.98,21,1
247,10.2,38.5,3.32,22,1
248,5.3,46.1,1.76,18,1
249,8.3,73.1,4.0,20,1
250,6.9,95.0,2.48,20,1
251,0.5,50.4,3.5,22,1
252,2.7,81.0,1.58,22,1
253,5.6,80.3,0.58,20,1
254,9.6,77.2,1.37,18,1
255,0.9,57.8,0.0,23,1
256,0.6,21.1,4.0,21,0
257,3.2,87.0,2.67,18,1
258,0.5,67.5,1.76,20,0
259,3.1,100.0,2.86,18,1
260,4.4,91.2,2.65,22,1
261,1.4,71.7,3.0,18,1
262,3.2,82.8,3.47,19,1
263,6.5,78.9,2.27,20,1
264,2.1,87.3,1.8,22,1
265,1.7,98.3,3.16,20,0
266,3.1,97.8,3.14,21,1
267,1.3,68.1,2.58,19,1
268,11.4,67.1,4.0,19,1
269,3.4,22.9,2.15,20,0
270,1.8,91.3,1.78,19,1
271,3.9,91.2,2.83,18,1
272,3.1,82.8,1.96,18,1
273,2.8,89.6,2.9,20,1
274,2.1,67.7,1.83,19,1
275,2.1,84.9,2.18,19,1
276,0.8,81.5,4.0,19,0
277,8.3,93.6,2.18,18,1
278,5.1,89.6,1.86,19,1
279,4.2,81.5,3.44,19,1
280,3.0,68.3,1.66,20,1
281,1.4,90.1,1.95,20,1
282,1.7,82.7,2.96,19,1
283,0.8,66.4,3.25,18,0
284,1.9,44.1,3.48,18,0
285,1.2,57.9,1.9,25,0
286,9.9,72.3,2.98,18,1
287,6.2,100.0,2.13,18,1
288,3.5,96.2,2.02,21,1
289,1.6,77.1,3.46,20,1
290,1.3,69.4,2.06,21,1
291,2.9,64.9,2.72,19,0
292,6.3,66.8,2.62,20,1
293,0.9,78.5,1.64,20,1
294,5.0,81.0,3.27,19,1
295,1.9,95.6,2.95,20,1
296,2.2,90.9,0.91,22,1
297,3.5,52.0,2.72,19,1
298,1.6,94.8,1.88,19,1
299,2.8,36.9,3.38,22,0
300,1.5,91.6,1.34,21,1
301,2.1,97.1,2.21,23,1
302,5.7,94.2,2.79,18,1
303,3.6,68.8,2.54,21,1
304,5.7,43.2,3.11,21,1
305,1.9,70.8,1.29,18,1
306,5.0,31.7,3.82,20,0
307,0.6,100.0,2.92,22,1
308,3.5,53.5,3.59,18,1
309,5.3,91.5,3.2,20,1
310,0.6,48.5,2.49,21,0
311,1.9,85.7,1.47,18,1
312,3.5,76.6,2.05,19,1
313,6.7,73.4,3.77,20,1
314,2.1,77.2,3.61,18,1
315,4.9,51.6,2.0,18,1
316,8.6,56.7,0.25,19,1
317,5.1,78.2,2.33,21,1
318,2.8,76.0,2.27,21,1
319,4.4,83.4,2.3,18,1
320,2.0,43.4,2.92,21,0
321,3.6,47.0,3.2,18,1
322,2.9,63.6,3.29,18,1
323,4.3,100.0,2.86,19,0
324,2.4,94.7,1.06,22,1
325,4.5,73.1,2.23,21,1
326,2.4,89.5,4.0,19,1
327,6.1,64.7,2.8,19,1
328,2.6,98.5,2.79,19,1
329,0.5,100.0,2.79,20,1
330,1.3,69.1,2.83,18,0
331,3.4,79.4,0.59,19,0
332,9.8,53.5,2.31,19,1
333,6.0,72.8,2.47,18,1
334,0.5,87.2,3.53,18,1
335,0.8,85.0,2.54,20,1
336,7.2,99.1,1.18,20,1
337,5.2,72.6,2.84,19,1
338,13.3,79.2,1.86,18,1
339,2.3,87.6,1.53,23,1
340,1.6,95.6,1.83,18,1
341,3.5,89.5,2.93,20,1
342,2.2,87.9,3.51,19,1
343,6.8,66.6,2.89,20,1
344,2.2,74.5,3.01,20,1
345,2.7,68.9,2.88,18,0
346,1.4,86.1,2.58,19,1
347,5.7,70.8,3.06,22,1
348,1.5,61.6,0.56,23,0
349,4.5,20.8,2.59,19,1
350,10.9,100.0,1.66,20,1
351,0.5,70.1,3.43,24,1
352,8.9,100.0,2.38,22,1
353,4.1,98.4,2.52,18,1
354,1.2,97.0,1.3,18,1
355,3.6,93.0,3.31,21,1
356,5.6,82.7,3.0,18,1
357,1.7,50.8,2.95,22,0
358,4.7,64.9,1.85,20,1
359,9.4,94.9,1.88,21,1
360,2.2,51.7,2.68,19,0
361,1.4,92.7,1.94,18,1
362,3.0,52.7,2.85,22,0
363,3.5,78.8,0.77,19,1
364,7.0,36.9,2.11,19,1
365,2.9,100.0,3.94,19,1
366,2.3,64.2,2.85,20,0
367,1.3,80.6,2.63,18,1
368,0.6,88.0,4.0,18,1
369,1.0,85.2,0.63,18,1
370,1.0,89.6,1.85,21,1
371,2.7,45.5,2.18,18,1
372,0.8,70.2,3.19,18,1
373,3.2,61.8,3.2,18,1
374,10.7,44.1,1.81,18,1
375,7.2,57.1,3.3,22,1
376,2.7,100.0,2.18,20,1
377,15.0,30.6,3.47,21,1
378,3.5,96.1,1.67,21,1
379,3.9,76.4,2.4,20,1
380,3.0,65.6,2.11,19,0
381,3.2,93.6,3.34,22,1
382,2.1,100.0,2.08,20,1
383,2.7,80.4,2.47,22,1
384,8.9,47.8,2.91,21,0
385,7.7,92.1,2.94,18,1
386,0.5,78.9,3.21,19,1
387,0.9,100.0,2.67,18,1
388,1.7,88.0,2.17,22,1
389,6.4,93.1,2.22,19,1
390,7.8,31.8,2.52,18,1
391,5.6,96.4,2.7,20,1
392,1.2,66.5,2.38,19,1
393,2.2,90.3,2.52,20,1
394,4.8,78.8,1.29,23,1
395,2.8,89.4,3.03,21,1
396,2.5,90.2,2.64,20,0
397,2.5,34.0,3.3,18,0
398,7.3,90.6,2.5,19,1
399,5.1,87.2,1.11,21,1
400,2.6,78.8,2.21,18,1
401,4.2,65.6,2.34,24,1
402,1.0,99.1,3.09,20,1
403,2.2,72.9,0.84,20,1
404,6.8,43.9,2.53,18,1
405,0.7,73.9,2.91,20,1
406,5.2,95.7,1.97,18,1
407,0.5,78.0,2.56,24,1
408,9.9,71.7,2.0,22,1
409,2.1,84.5,1.92,21,1
410,4.5,55.3,2.17,18,1
411,3.6,33.0,1.93,20,1
412,3.7,86.9,3.05,22,1
413,4.2,100.0,1.91,21,1
414,0.6,80.3,1.78,18,1
415,3.8,96.7,3.91,18,1
416,2.9,69.8,3.27,19,1
417,2.1,52.7,1.01,18,1
418,1.7,68.3,1.89,23,1
419,3.9,100.0,2.69,18,1
420,1.4,39.9,2.76,21,0
421,6.8,90.7,1.31,18,1
422,4.7,100.0,3.43,18,1
423,4.0,77.8,3.16,18,1
424,6.6,88.6,2.89,18,1
425,0.5,83.5,3.59,23,1
426,1.0,54.3,2.86,20,1
427,4.9,67.2,2.86,18,1
428,1.8,75.0,3.75,22,1
429,2.0,98.1,3.38,22,1
430,0.9,75.1,1.83,20,0
431,1.4,22.5,3.01,24,1
432,6.9,71.3,1.97,21,1
433,4.8,100.0,2.9,21,1
434,3.8,87.9,2.88,18,1
435,2.1,97.1,1.39,21,1
436,3.7,64.2,2.4,20,1
437,7.3,69.8,2.71,21,1
438,1.8,64.7,2.15,18,0
439,3.2,75.5,2.75,20,1
440,10.3,51.6,3.14,18,1
441,5.5,67.3,2.48,18,1
442,2.1,70.9,2.68,21,1
443,5.2,87.4,3.61,18,1
444,0.7,78.1,2.88,20,0
445,3.1,69.6,2.66,20,1
446,5.2,84.3,1.73,20,1
447,4.4,66.4,3.04,19,1
448,5.2,79.8,2.76,20,1
449,6.0,84.1,3.53,20,0
450,4.7,48.0,2.54,21,1
451,4.6,78.4,1.05,23,1
452,3.9,54.4,1.14,20,1
453,1.2,90.0,3.09,20,1
454,6.9,92.6,2.04,18,1
455,3.2,80.3,2.85,20,1
456,5.4,53.2,2.59,21,1
457,6.4,97.2,2.37,19,1
458,2.2,76.8,2.42,21,1
459,2.3,85.6,1.81,19,1
460,2.6,88.9,2.49,21,1
461,7.7,100.0,2.03,21,1
462,1.5,43.3,2.2,21,0
463,8.6,54.2,2.24,20,1
464,3.9,95.7,2.32,18,1
465,4.1,89.4,3.24,18,1
466,6.2,78.3,2.4,21,1
467,3.6,92.0,3.32,24,1
468,6.9,92.0,3.73,19,1
469,2.2,20.0,3.18,20,0
470,8.5,89.7,2.93,18,1
471,2.3,83.2,2.76,18,1
472,8.7,100.0,3.19,18,1
473,2.4,55.3,2.57,18,0
474,2.7,100.0,3.29,22,1
475,1.4,96.1,2.99,18,1
476,1.7,96.1,2.21,19,1
477,3.2,88.5,3.22,18,1
478,4.0,87.2,2.57,18,1
479,6.6,97.8,2.42,22,1
480,2.8,72.8,2.12,20,1
481,4.4,87.7,2.63,18,1
482,3.8,97.2,3.3,18,1
483,4.8,100.0,3.21,18,1
484,1.9,98.0,2.78,19,0
485,2.1,87.9,2.98,20,1
486,1.9,71.4,3.52,23,1
487,7.4,95.6,2.38,18,1
488,8.5,65.7,1.61,19,1
489,2.1,76.5,3.54,19,1
490,2.1,71.5,2.08,21,0
491,5.2,93.3,1.95,20,1
492,9.1,97.5,1.06,21,1
493,10.5,84.9,2.96,20,1
494,2.0,82.6,1.2,18,1
495,2.4,89.7,1.9,22,1
496,4.1,67.3,2.97,21,1
497,4.3,60.8,3.08,21,1
498,2.9,73.2,1.98,22,1
499,1.7,88.4,2.39,20,1
500,3.2,86.8,1.8,22,1
501,10.4,57.1,2.06,20,1
502,2.2,86.3,2.71,19,1
503,3.9,65.4,2.1,19,1
504,15.0,99.0,2.3,19,1
505,2.1,89.5,1.33,18,1
506,5.4,90.8,3.41,23,1
507,10.7,70.2,2.91,20,1
508,5.1,59.4,3.13,20,1
509,7.1,63.2,3.53,20,1
510,5.9,64.9,1.84,25,1
511,4.8,90.9,2.21,18,1
512,8.3,83.3,0.98,18,1
513,5.3,95.1,4.0,18,1
514,2.9,77.9,2.38,19,1
515,3.7,59.6,3.33,20,0
516,4.4,85.0,1.51,19,1
517,2.4,60.5,3.3,18,1
518,3.9,96.1,3.99,20,1
519,3.5,91.3,2.45,18,1
520,5.3,99.9,1.69,20,1
521,12.6,78.4,2.39,22,1
522,4.0,77.5,0.72,21,1
523,9.3,100.0,2.47,21,1
524,5.2,55.3,3.16,22,1
525,3.8,100.0,2.47,20,1
526,2.3,64.4,2.27,19,1
527,3.9,85.6,2.92,18,1
528,3.7,60.0,2.98,19,1
529,1.8,74.7,1.17,18,1
530,2.1,75.4,2.57,21,1
531,4.4,86.9,4.0,20,1
532,9.2,60.6,1.43,21,1
533,3.2,92.6,2.43,18,1
534,0.8,71.8,4.0,22,0
535,1.3,77.5,3.38,19,1
536,5.5,92.8,2.09,18,1
537,1.0,49.0,2.66,19,1
538,6.1,100.0,2.5,24,1
539,5.3,28.9,1.9,19,1
540,3.1,87.4,2.44,19,1
541,1.8,83.4,2.28,19,1
542,2.7,60.3,2.59,19,1
543,4.3,82.2,1.9,18,1
544,1.0,71.3,1.48,20,1
545,8.6,99.4,2.47,22,1
546,4.3,47.9,3.87,20,1
547,4.7,81.6,2.57,18,1
548,5.3,99.0,2.23,19,1
549,8.1,99.7,3.1,18,1
550,3.9,42.5,2.37,20,0
551,5.5,53.8,3.99,22,1
552,1.9,57.1,2.5,19,1
553,10.5,93.6,3.06,19,1
554,3.7,100.0,1.9,23,1
555,1.9,95.3,2.9,21,1
556,2.3,96.1,2.72,21,1
557,0.5,99.1,2.45,23,1
558,2.3,56.0,2.1,20,1
559,0.5,75.2,1.99,18,1
560,5.8,65.4,2.73,21,1
561,4.6,77.2,3.0,18,1
562,1.4,73.9,2.4,20,1
563,3.2,100.0,2.73,18,1
564,3.3,98.7,2.47,19,1
565,1.1,76.3,2.58,19,1
566,2.8,41.2,2.34,18,0
567,3.4,88.3,2.51,19,1
568,2.7,43.8,4.0,22,1
569,1.9,75.7,2.75,18,0
570,1.4,78.5,3.02,21,1
571,2.7,71.1,2.85,18,1
572,2.1,100.0,2.29,19,1
573,5.0,100.0,3.54,20,1
574,8.4,54.4,2.27,18,1
575,6.3,98.6,3.34,18,1
576,3.5,90.3,2.23,20,1
577,1.9,75.8,1.73,22,1
578,6.2,79.3,2.79,19,1
579,5.3,52.4,1.62,19,0
580,8.0,70.6,2.93,20,1
581,3.9,60.5,1.54,20,0
582,10.1,100.0,2.24,20,1
583,3.9,59.5,1.35,18,1
584,1.9,100.0,4.0,18,0
585,2.2,82.0,1.18,18,1
586,4.9,46.7,2.51,20,1
587,2.1,73.7,3.41,20,1
588,10.1,94.7,3.33,21,1
589,4.6,51.0,3.18,20,0
590,3.4,100.0,2.25,18,1
591,3.7,56.8,3.58,22,1
592,2.7,53.3,3.23,22,1
593,0.6,69.5,2.67,18,1
594,2.2,68.1,2.69,20,1
595,9.3,35.4,2.26,18,1
596,3.9,90.4,1.77,20,1
597,6.8,87.5,3.49,22,1
598,7.0,24.8,3.55,24,1
599,3.2,64.1,1.79,21,1
600,5.3,100.0,2.38,20,1
601,0.7,58.3,2.39,19,1
602,8.8,78.1,2.47,20,1
603,8.3,93.9,2.55,22,1
604,4.8,100.0,3.26,19,1
605,4.1,83.4,1.9,18,1
606,3.3,94.4,1.82,18,1
607,7.4,69.9,3.49,21,1
608,5.7,100.0,2.13,20,1
609,2.5,69.0,1.49,18,1
610,1.2,71.4,2.11,22,0
611,1.0,84.7,2.24,19,1
612,7.3,100.0,3.74,19,1
613,3.2,95.1,3.24,19,1
614,4.7,69.9,3.42,19,1
615,3.5,73.1,3.16,20,1
616,1.0,97.6,3.26,22,0
617,0.7,94.4,1.95,18,0
618,2.3,58.2,2.34,20,0
619,2.5,78.6,1.71,20,1
620,2.5,82.3,2.33,20,1
621,2.6,83.0,3.05,21,1
622,12.1,100.0,2.61,20,1
623,6.8,90.4,3.55,20,1
624,4.0,43.3,1.59,21,1
625,3.2,91.0,2.9,18,1
626,3.2,58.7,1.5,20,1
627,5.6,70.4,2.58,19,1
628,3.1,84.8,3.09,19,1
629,6.3,86.4,2.33,19,1
630,4.3,100.0,2.94,20,1
631,12.2,92.8,1.73,20,1
632,3.0,89.3,1.17,20,0
633,7.1,64.9,2.95,19,1
634,1.3,42.0,3.9,18,0
635,2.0,46.4,1.7,20,1
636,11.1,34.1,3.48,20,1
637,6.1,78.0,2.53,20,1
638,4.8,84.5,1.43,18,1
639,14.2,77.2,1.59,18,1
640,3.2,52.2,2.51,21,1
641,7.1,61.9,2.18,19,1
642,7.4,100.0,1.45,20,1
643,9.6,100.0,1.14,19,1
644,1.2,45.0,1.82,19,0
645,3.2,57.3,2.66,19,1
646,4.3,91.9,2.49,18,1
647,9.5,100.0,2.1,20,1
648,4.6,84.9,2.66,18,1
649,7.4,89.4,3.33,20,1
650,1.1,63.0,2.82,20,0
651,2.6,98.4,2.4,18,1
652,8.3,92.7,3.24,18,1
653,2.9,86.5,1.73,24,1
654,3.4,66.9,2.32,18,1
655,9.4,52.5,2.34,21,1
656,1.6,94.8,1.51,23,1
657,1.9,96.7,2.16,21,1
658,1.0,78.0,0.84,19,1
659,9.6,94.2,4.0,19,1
660,6.7,70.2,1.75,18,1
661,6.6,94.4,3.77,21,1
662,2.6,68.9,2.53,21,1
663,0.9,67.0,2.95,18,0
664,0.6,76.0,2.11,18,1
665,8.3,47.6,2.67,18,1
666,5.0,100.0,3.02,21,1
667,5.7,100.0,3.03,20,1
668,4.1,51.9,3.12,20,1
669,1.7,94.6,2.21,18,1
670,2.7,97.8,2.12,18,1
671,1.4,50.4,1.22,21,1
672,1.2,84.9,2.92,20,1
673,6.3,55.0,3.37,21,1
674,0.7,95.8,3.79,19,1
675,1.4,55.0,2.74,19,0
676,2.8,99.2,1.89,21,1
677,3.6,89.3,1.14,21,1
678,0.9,20.0,3.33,21,0
679,4.6,97.6,1.06,19,1
680,3.9,84.9,2.23,21,1
681,8.2,94.6,2.32,22,1
682,3.7,87.9,2.44,19,0
683,4.9,86.4,2.53,18,1
684,1.8,98.9,2.61,22,1
685,1.9,65.2,0.57,18,0
686,1.0,88.0,2.51,21,1
687,1.8,64.6,0.72,19,0
688,2.6,40.5,3.09,18,1
689,7.7,100.0,2.06,22,1
690,1.6,71.2,0.77,18,1
691,12.5,62.0,1.85,18,1
692,5.3,60.4,2.04,21,1
693,4.5,80.5,3.45,21,1
694,3.4,32.8,2.66,18,1
695,3.0,90.1,2.78,20,0
696,2.1,72.0,3.44,18,0
697,0.9,73.2,2.42,21,1
698,1.7,74.0,3.1,20,1
699,9.6,94.5,3.05,19,1
700,5.0,92.2,1.47,20,1
701,9.6,64.7,3.68,20,1
702,2.0,75.4,1.36,19,0
703,1.3,67.4,3.23,18,1
704,3.4,42.0,1.29,24,1
705,1.7,58.8,2.98,22,1
706,4.0,41.2,3.99,18,0
707,0.7,80.4,2.33,19,1
708,0.5,63.0,2.29,19,1
709,4.4,51.3,2.99,22,1
710,9.8,65.9,2.24,18,1
711,4.5,49.4,3.95,19,1
712,5.0,100.0,2.65,18,1
713,3.5,86.7,2.24,19,1
714,3.8,94.1,2.07,19,1
715,0.9,94.8,1.75,20,1
716,1.8,73.3,2.0,18,1
717,7.7,70.8,2.22,18,1
718,2.6,100.0,2.11,21,1
719,7.5,73.6,1.97,20,1
720,3.7,72.4,4.0,21,1
721,3.9,82.6,1.68,19,1
722,2.6,50.0,2.62,18,1
723,5.5,69.3,2.97,19,1
724,6.5,58.1,3.0,21,0
725,1.7,90.1,2.45,18,1
726,0.9,94.1,2.31,20,1
727,0.5,47.1,2.86,20,1
728,4.8,20.0,2.71,20,1
729,4.4,68.4,2.29,19,1
730,14.8,97.5,1.25,18,1
731,3.5,60.7,2.13,19,0
732,3.1,33.9,1.58,23,0
733,4.1,87.3,1.97,20,1
734,4.2,100.0,2.53,19,1
735,2.9,81.2,2.79,20,0
736,1.7,92.1,3.92,20,0
737,3.4,86.9,2.07,21,1
738,3.3,65.6,3.12,19,1
739,3.3,78.2,2.74,20,1
740,5.9,31.8,3.54,23,1
741,3.4,92.0,2.96,22,1
742,1.0,93.7,1.69,24,1
743,2.0,100.0,1.12,18,1
744,2.9,95.9,2.75,23,1
745,3.5,66.2,2.08,18,1
746,4.9,82.4,1.72,20,1
747,3.5,74.4,1.49,21,1
748,0.5,80.4,2.63,18,1
749,1.1,78.4,3.71,20,1
750,5.1,100.0,2.17,21,1
751,2.8,86.2,2.97,18,1
752,3.7,79.3,2.42,23,1
753,2.5,73.2,1.47,18,1
754,2.0,69.0,3.09,23,0
755,2.6,77.2,1.62,22,1
756,3.8,68.4,2.52,19,1
757,3.3,55.2,2.23,19,0
758,6.4,65.6,3.21,18,1
759,0.8,83.1,1.65,19,0
760,0.9,60.8,2.81,19,1
761,2.8,41.7,1.83,22,1
762,4.9,89.4,2.09,23,1
763,5.7,100.0,0.0,20,1
764,2.1,72.3,4.0,18,1
765,0.5,76.0,2.94,18,0
766,2.1,75.3,1.89,19,0
767,4.5,64.9,1.6,18,1
768,3.3,83.8,2.1,18,1
769,5.1,77.4,3.07,24,1
770,7.5,96.1,0.99,20,1
771,2.9,77.5,2.39,18,1
772,2.3,53.4,3.92,21,1
773,1.5,83.3,1.59,18,1
774,0.9,93.3,2.56,18,1
775,0.7,68.0,4.0,18,0
776,1.9,99.8,3.01,23,1
777,6.8,75.4,2.6,19,1
778,5.4,57.7,2.91,18,1
779,2.2,68.6,2.18,22,0
780,12.6,100.0,3.54,19,1
781,2.0,100.0,2.18,18,1
782,8.0,69.9,0.93,19,1
783,9.2,82.5,2.19,21,1
784,4.7,76.0,1.73,20,1
785,1.9,51.7,2.28,23,0
786,2.5,41.8,2.29,18,0
787,3.8,61.6,3.46,20,0
788,0.9,56.1,3.06,18,0
789,1.4,20.0,2.71,18,0
790,1.3,79.0,2.5,21,1
791,4.9,86.7,1.65,20,1
792,7.4,86.8,0.76,20,1
793,5.6,83.9,2.59,20,1
794,6.6,48.3,3.14,18,1
795,1.7,75.2,2.41,18,1
796,2.6,32.4,2.07,20,1
797,2.7,99.4,2.87,22,1
798,4.7,28.8,2.43,23,1
799,1.9,93.8,3.85,21,1
800,6.3,85.7,3.49,20,1
801,9.0,75.7,3.27,20,1
802,4.8,81.6,3.11,20,1
803,2.5,58.0,1.47,18,0
804,1.6,91.9,3.03,20,1
805,1.3,93.5,2.8,18,1
806,0.5,89.9,2.99,19,1
807,2.8,97.9,2.89,23,1
808,2.7,71.6,2.86,21,1
809,6.1,69.1,4.0,18,1
810,2.0,35.2,2.44,19,0
811,2.9,40.3,3.25,18,0
812,4.1,92.9,2.12,19,1
813,4.8,71.5,3.13,22,1
814,5.6,90.9,3.25,21,1
815,3.8,53.5,2.79,24,0
816,1.0,45.4,3.84,22,1
817,4.5,100.0,1.79,20,1
818,1.9,47.9,2.11,21,0
819,7.7,46.1,2.67,19,1
820,3.4,49.6,3.2,18,1
821,4.0,92.9,2.64,22,1
822,15.0,57.9,3.53,22,1
823,5.7,100.0,1.97,19,1
824,4.4,100.0,1.59,20,1
825,3.0,80.4,2.75,22,1
826,1.1,20.0,2.44,21,0
827,2.8,52.6,2.93,18,1
828,1.6,99.0,2.48,20,1
829,9.8,100.0,2.23,19,1
830,4.5,80.9,2.44,22,1
831,7.5,96.4,2.52,22,1
832,2.0,30.5,2.26,22,0
833,1.7,77.8,2.34,18,1
834,5.3,43.1,2.18,18,0
835,1.5,73.1,3.19,22,1
836,2.3,71.7,2.66,18,1
837,10.1,57.1,4.0,18,1
838,2.4,83.3,2.63,21,1
839,0.8,87.0,2.06,18,0
840,0.5,56.4,4.0,23,0
841,0.7,44.8,2.83,20,0
842,7.8,86.7,3.29,20,1
843,2.1,100.0,2.97,19,1
844,15.0,68.3,3.0,23,1
845,9.1,63.1,2.93,20,1
846,11.7,59.1,1.62,19,1
847,6.7,79.8,2.79,18,1
848,5.1,63.5,1.44,19,1
849,1.6,78.6,2.36,18,1
850,3.3,100.0,1.92,22,1
851,5.5,20.6,2.79,18,0
852,6.5,88.5,2.77,19,1
853,1.2,80.9,2.88,21,1
854,2.9,46.5,2.73,20,1
855,3.1,86.3,2.01,18,1
856,3.0,56.0,2.29,21,1
857,1.3,30.7,3.24,18,0
858,10.8,49.6,3.35,19,1
859,2.8,87.5,1.58,21,1
860,1.4,98.9,1.28,20,1
861,11.0,83.3,1.92,18,1
862,9.1,99.2,3.34,22,1
863,3.7,94.1,3.47,20,1
864,2.3,49.7,1.76,21,1
865,0.7,99.8,2.75,23,1
866,4.8,58.8,3.97,22,0
867,2.1,53.2,2.83,22,0
868,3.3,97.1,3.64,20,1
869,10.3,91.3,3.3,21,1
870,2.0,80.7,1.77,20,1
871,4.7,92.7,2.35,18,1
872,5.7,42.2,2.53,20,0
873,7.6,100.0,2.58,20,1
874,3.1,54.2,3.23,21,1
875,2.8,86.7,2.83,19,1
876,2.8,76.9,0.15,18,1
877,4.4,65.1,1.45,21,1
878,8.9,83.1,0.75,18,1
879,2.7,45.1,2.64,22,1
880,0.5,85.7,2.69,19,1
881,6.2,92.9,2.73,20,1
882,3.5,69.2,1.73,21,0
883,4.9,97.1,3.04,21,1
884,0.7,93.9,3.07,18,0
885,2.1,23.1,1.5,21,0
886,5.8,39.1,1.33,20,1
887,1.0,78.8,2.5,18,0
888,4.7,100.0,3.93,18,1
889,3.2,78.5,3.86,19,1
890,1.8,87.7,2.95,18,0
891,1.6,97.4,1.92,23,1
892,1.3,87.5,3.21,22,1
893,3.5,98.6,2.14,20,1
894,3.8,43.3,1.89,19,1
895,2.5,82.5,0.78,19,1
896,1.3,59.8,2.58,21,1
897,4.6,95.8,2.0,23,1
898,6.3,35.1,2.58,18,1
899,5.2,86.7,0.66,18,1
900,12.0,68.5,2.64,23,1
901,2.9,97.1,0.56,18,1
902,8.3,88.5,3.37,18,1
903,1.9,60.9,2.92,19,1
904,1.7,89.2,2.28,18,1
905,3.7,62.2,2.95,22,1
906,9.5,76.3,1.72,21,1
907,2.6,80.8,2.56,18,1
908,0.7,80.7,3.14,22,1
909,6.2,100.0,0.02,22,1
910,3.1,58.7,2.14,19,1
911,4.2,64.2,2.48,19,0
912,1.7,78.5,2.34,24,0
913,3.6,44.8,3.67,21,1
914,0.8,60.3,1.6,20,0
915,10.9,69.8,2.0,22,1
916,7.0,99.6,0.97,20,1
917,3.5,74.4,3.71,18,1
918,6.1,94.7,2.3,20,1
919,1.9,94.2,2.15,22,1
920,6.8,100.0,2.46,18,1
921,2.5,93.6,3.01,19,1
922,2.4,51.4,2.78,22,0
923,1.4,45.9,4.0,18,0
924,4.6,88.7,2.86,23,1
925,3.4,58.5,2.13,22,1
926,8.5,97.5,2.05,19,1
927,1.3,97.2,2.19,18,1
928,4.6,84.9,1.3,19,1
929,7.4,78.0,2.53,25,0
930,3.9,72.1,3.13,23,1
931,2.5,94.5,2.01,20,1
932,3.8,69.0,1.85,18,1
933,8.0,34.8,3.71,20,1
934,8.0,100.0,1.36,20,1
935,3.0,78.1,0.85,18,1
936,7.9,66.8,1.58,20,1
937,3.3,79.9,1.27,22,1
938,6.0,99.3,2.81,18,1
939,5.0,100.0,2.21,21,1
940,2.4,62.5,2.32,22,0
941,1.5,38.5,3.42,18,1
942,7.6,94.3,1.95,23,1
943,9.0,92.8,3.12,18,1
944,4.5,38.0,3.71,20,0
945,3.3,86.6,2.14,19,1
946,1.1,74.6,3.09,19,1
947,7.4,89.4,2.31,18,1
948,4.1,86.8,3.24,21,1
949,2.7,96.0,1.24,21,1
950,6.1,84.4,1.18,19,1
951,0.9,81.3,2.19,18,1
952,1.4,61.0,1.79,20,0
953,1.9,77.2,2.09,20,1
954,4.8,69.0,2.32,19,1
955,3.8,39.4,3.08,23,0
956,5.3,72.2,2.17,18,1
957,7.1,81.7,1.84,18,1
958,5.4,47.9,2.22,18,1
959,11.0,61.2,1.88,21,1
960,7.1,67.6,1.75,18,1
961,3.0,73.5,1.21,18,1
962,2.1,99.8,2.56,21,1
963,3.1,85.8,2.05,20,1
964,5.5,77.6,3.27,20,0
965,2.3,95.2,1.34,21,1
966,5.6,100.0,2.07,19,1
967,5.2,52.5,3.95,19,1
968,1.5,100.0,1.75,21,1
969,7.0,100.0,2.31,18,1
970,4.4,77.3,1.53,18,1
971,10.7,79.3,1.42,19,1
972,3.3,83.4,3.74,21,1
973,2.6,83.5,2.64,20,1
974,1.3,85.7,2.61,21,1
975,1.3,98.6,1.14,18,1
976,6.4,77.5,2.79,20,1
977,10.0,51.0,3.43,21,1
978,3.1,87.0,3.42,18,1
979,2.9,56.5,3.03,21,1
980,3.5,91.0,1.6,19,1
981,7.3,91.6,2.75,25,1
982,1.5,68.3,3.03,18,1
983,4.0,72.7,1.06,22,1
984,6.5,85.1,1.6,19,1
985,4.8,50.4,3.21,18,1
986,0.5,72.7,3.2,18,0
987,5.4,46.3,1.26,20,1
988,4.8,100.0,3.14,22,1
989,8.3,96.9,2.58,23,1
990,9.5,83.3,3.12,22,1
991,8.0,100.0,1.99,18,1
992,3.5,100.0,3.02,22,1
993,0.7,74.8,3.18,20,1
994,2.9,39.9,2.22,18,1
995,3.4,81.3,2.51,19,1
996,9.9,81.6,1.98,18,1
997,1.8,85.2,3.82,20,1
998,1.0,97.3,2.4,18,1
999,2.3,51.7,1.76,18,0
1000,1.8,72.0,1.93,20,1
1001,0.9,67.7,2.6,21,0
1002,3.1,86.2,3.1,19,1
1003,3.6,78.1,1.43,22,1
1004,0.8,72.3,3.98,19,1
1005,2.6,94.9,2.75,19,1
1006,1.7,65.6,2.87,21,1
1007,3.6,79.3,2.42,19,1
1008,3.9,97.3,2.52,20,1
1009,1.7,99.8,2.38,18,1
1010,7.0,100.0,3.31,20,1
1011,3.4,95.0,2.49,18,1
1012,1.8,94.0,3.11,18,1
1013,0.8,58.9,2.15,18,1
1014,4.1,53.7,2.66,18,1
1015,4.8,92.3,1.86,18,1
1016,2.2,55.7,3.47,19,0
1017,3.7,59.7,1.83,21,1
1018,9.5,85.5,2.24,20,1
1019,6.2,96.2,2.25,18,1
1020,0.5,62.2,2.22,20,1
1021,1.8,72.6,3.08,20,1
1022,3.0,79.8,2.25,19,1
1023,3.5,84.5,3.62,19,1
1024,3.8,93.1,1.85,20,1
1025,4.6,68.5,2.64,21,1
1026,3.1,100.0,1.88,18,1
1027,3.4,55.4,2.84,19,1
1028,6.4,92.6,2.49,23,1
1029,4.1,69.5,2.38,22,1
1030,1.2,77.1,3.45,21,1
1031,3.6,92.6,1.98,21,1
1032,3.0,93.5,2.97,23,1
1033,0.5,96.2,1.88,23,1
1034,3.8,100.0,2.59,19,0
1035,1.3,66.8,1.54,18,0
1036,6.5,61.6,1.97,19,1
1037,4.6,77.5,2.43,25,1
1038,1.1,91.9,3.95,18,1
1039,6.3,74.9,2.58,19,1
1040,8.4,49.7,3.82,18,1
1041,2.7,48.0,2.68,20,0
1042,3.0,66.7,2.19,18,1
1043,5.9,84.6,3.73,19,1
1044,8.0,52.2,2.85,18,1
1045,0.6,53.6,1.99,21,1
1046,1.2,94.4,2.88,22,1
1047,2.4,93.2,2.27,19,1
1048,2.6,72.6,0.91,19,0
1049,5.8,70.9,3.25,19,1
1050,8.0,99.9,3.38,20,1
1051,8.4,95.0,3.97,19,1
1052,0.6,82.0,2.84,21,1
1053,1.7,37.9,2.3,22,0
1054,2.0,87.0,3.17,18,1
1055,1.6,68.9,3.18,19,1
1056,4.6,77.6,3.81,21,1
1057,5.0,87.6,2.46,18,1
1058,3.3,36.8,2.37,18,1
1059,3.1,100.0,1.93,20,1
1060,2.5,92.6,2.93,20,1
1061,2.7,49.0,1.26,18,0
1062,9.4,92.8,3.12,18,1
1063,5.5,96.3,2.97,18,1
1064,2.5,94.3,2.97,18,1
1065,3.1,71.7,2.61,21,1
1066,4.6,80.8,3.73,18,1
1067,1.1,56.9,3.2,19,1
1068,3.7,88.8,2.01,18,1
1069,5.3,34.9,2.03,18,1
1070,4.8,80.6,1.8,21,1
1071,1.7,97.2,2.94,18,1
1072,2.0,95.8,1.7,20,1
1073,0.5,96.9,3.37,18,1
1074,5.7,82.2,3.56,18,1
1075,12.1,85.3,1.8,21,1
1076,1.5,66.3,2.35,25,1
1077,7.1,41.8,2.51,18,1
1078,11.4,70.8,3.21,19,1
1079,2.3,65.5,3.79,20,1
1080,3.1,96.6,1.15,18,1
1081,4.0,86.6,2.25,21,1
1082,4.7,78.2,2.29,18,1
1083,4.2,85.1,1.38,20,1
1084,2.4,90.6,2.11,18,1
1085,5.2,80.6,2.84,22,1
1086,2.5,89.3,2.28,18,1
1087,4.4,98.8,1.26,19,1
1088,3.3,54.3,4.0,21,0
1089,0.5,69.0,2.71,18,0
1090,7.8,71.3,2.59,20,1
1091,2.0,88.2,1.62,18,1
1092,8.3,71.3,2.71,18,1
1093,6.9,96.2,2.37,20,1
1094,3.9,75.1,0.99,18,1
1095,4.9,92.6,1.64,18,1
1096,5.3,91.7,3.14,20,1
1097,2.8,34.8,4.0,18,0
1098,3.0,78.6,2.79,21,1
1099,5.1,96.9,3.38,20,1
1100,3.3,50.4,2.38,20,1
1101,2.4,93.2,2.43,22,1
1102,1.7,89.3,3.37,20,1
1103,4.5,100.0,3.83,23,1
1104,2.0,78.4,3.54,21,1
1105,6.1,46.7,1.65,18,1
1106,6.4,63.3,2.45,22,1
1107,4.8,54.3,2.72,20,1
1108,5.6,92.5,2.29,19,1
1109,4.9,20.7,2.81,20,0
1110,5.9,98.2,3.16,22,1
1111,5.7,86.7,3.3,20,1
1112,4.3,100.0,3.85,23,0
1113,6.9,88.6,2.24,22,1
1114,2.9,99.5,1.41,21,1
1115,1.8,55.8,2.79,18,0
1116,1.7,83.6,4.0,19,1
1117,2.6,87.8,2.12,20,1
1118,0.5,31.1,3.05,21,0
1119,3.9,100.0,3.06,21,1
1120,5.3,100.0,2.65,20,1
1121,6.4,80.7,2.51,20,1
1122,0.7,81.8,1.76,21,1
1123,1.7,38.5,0.67,18,0
1124,6.0,85.5,1.61,23,1
1125,2.9,93.6,2.19,18,1
1126,5.3,100.0,3.38,22,1
1127,1.0,52.2,2.42,19,1
1128,8.2,100.0,2.08,22,1
1129,1.0,75.1,1.79,20,1
1130,3.8,73.8,3.03,20,1
1131,3.9,36.7,3.59,21,1
1132,2.2,87.6,3.35,21,1
1133,4.7,95.9,2.98,19,1
1134,4.8,84.1,1.32,22,1
1135,4.5,71.0,2.22,18,1
1136,2.2,72.3,4.0,19,1
1137,1.8,88.3,3.4,21,1
1138,2.4,93.1,1.27,21,1
1139,1.6,69.2,2.46,20,0
1140,7.1,81.7,2.79,19,1
1141,2.6,93.0,1.89,21,1
1142,3.8,64.4,0.65,18,0
1143,5.9,67.2,2.58,23,1
1144,1.6,85.9,1.87,19,0
1145,0.9,75.6,1.87,18,1
1146,1.6,86.6,2.22,18,1
1147,4.1,79.5,2.39,20,1
1148,3.9,81.0,2.49,20,1
1149,4.4,85.7,1.79,23,1
1150,3.1,84.6,2.32,18,1
1151,0.5,93.2,1.09,20,1
1152,3.0,62.6,2.75,18,1
1153,6.5,69.4,0.21,19,1
1154,7.7,99.9,2.27,23,1
1155,3.6,89.8,3.24,18,0
1156,3.9,78.5,1.65,21,1
1157,5.2,98.5,3.07,20,1
1158,7.5,73.1,3.42,19,1
1159,3.3,81.5,0.0,21,1
1160,5.1,85.8,2.38,18,1
1161,2.1,78.5,0.2,23,1
1162,1.1,84.4,2.41,23,0
1163,2.3,91.4,2.49,20,1
1164,8.7,92.4,0.51,24,1
1165,5.2,52.7,4.0,19,1
1166,1.2,66.8,2.73,20,0
1167,5.4,29.2,1.82,22,0
1168,1.3,79.0,3.67,19,0
1169,4.4,98.7,1.06,18,1
1170,1.5,92.2,1.52,18,1
1171,1.1,20.0,0.66,24,0
1172,9.6,88.3,3.94,18,1
1173,2.6,90.8,2.77,19,1
1174,5.1,92.8,3.03,18,1
1175,3.4,37.2,2.74,21,0
1176,1.4,91.2,2.96,18,0
1177,2.8,71.5,2.56,19,1
1178,1.4,81.6,2.72,20,1
1179,14.2,81.3,2.59,18,1
1180,5.8,93.5,2.01,19,1
1181,3.4,55.3,2.46,22,1
1182,5.0,75.5,2.72,20,1
1183,5.5,93.3,2.59,20,1
1184,5.6,83.8,1.32,20,1
1185,5.4,78.9,1.42,19,1
1186,5.1,76.8,3.37,23,1
1187,3.6,100.0,2.25,18,1
1188,9.1,70.6,2.97,20,1
1189,3.8,99.3,1.63,20,1
1190,3.5,50.4,1.32,22,1
1191,3.8,45.7,1.83,22,1
1192,4.0,78.2,2.32,19,1
1193,0.7,84.2,1.97,20,1
1194,1.6,93.4,3.54,20,1
1195,3.1,47.5,2.64,18,0
1196,0.6,46.5,3.98,18,0
1197,3.4,82.7,2.82,18,1
1198,4.0,87.9,0.57,18,1
1199,1.0,77.9,3.34,18,1
1200,2.0,74.9,1.29,21,0
1201,7.9,73.1,2.68,20,1
1202,5.0,78.9,1.88,19,1
1203,4.8,98.9,4.0,18,1
1204,7.2,84.5,3.65,19,1
1205,1.6,61.2,1.91,18,0
1206,1.0,65.8,2.4,19,1
1207,6.6,100.0,2.7,20,1
1208,3.1,66.6,3.19,20,0
1209,1.6,71.5,2.52,18,1
1210,0.7,66.9,1.68,20,1
1211,3.8,91.0,1.93,18,1
1212,2.9,79.9,2.5,18,1
1213,2.5,50.6,3.49,21,1
1214,0.5,86.9,2.84,24,1
1215,9.1,62.3,1.88,20,1
1216,0.8,63.5,3.02,18,0
1217,2.7,75.7,2.19,20,1
1218,2.3,80.0,3.21,21,1
1219,5.1,37.5,4.0,21,0
1220,0.7,84.0,2.21,25,1
1221,4.7,83.2,3.14,18,1
1222,3.8,89.8,1.9,20,1
1223,1.9,65.7,2.41,23,1
1224,4.6,65.4,2.52,22,1
1225,3.4,86.8,2.35,18,1
1226,10.5,81.1,4.0,19,1
1227,2.9,87.1,2.25,22,0
1228,1.4,42.0,2.97,25,0
1229,4.7,88.0,0.96,21,1
1230,2.6,89.4,2.85,19,1
1231,3.3,71.4,3.41,18,1
1232,1.0,51.1,2.08,24,0
1233,5.2,100.0,0.49,21,1
1234,2.3,100.0,2.47,18,1
1235,4.1,84.0,2.51,19,1
1236,12.2,68.5,3.08,20,1
1237,2.7,100.0,4.0,21,1
1238,5.6,42.2,2.2,18,1
1239,2.9,66.4,1.81,18,1
1240,1.9,93.3,1.57,18,1
1241,8.0,75.1,2.66,22,1
1242,0.5,28.5,2.88,19,0
1243,6.7,82.3,2.06,20,1
1244,0.5,72.1,3.12,22,1
1245,6.2,76.5,2.87,20,0
1246,3.4,75.9,2.53,19,1
1247,1.4,88.8,1.78,20,1
1248,2.4,88.3,2.11,20,1
1249,5.4,89.7,0.56,22,1
1250,11.5,99.6,2.69,20,1
1251,0.7,92.0,2.52,18,1
1252,1.5,100.0,2.65,22,1
1253,0.9,98.2,2.9,22,1
1254,2.9,67.4,2.81,18,0
1255,6.3,95.6,2.41,23,1
1256,0.8,88.7,2.54,20,1
1257,3.3,55.9,1.38,20,1
1258,6.2,86.9,2.03,22,1
1259,2.4,54.8,2.54,18,1
1260,3.9,88.5,1.91,21,1
1261,7.7,81.5,3.19,19,1
1262,1.3,52.0,1.97,18,0
1263,0.5,62.3,2.67,18,1
1264,4.2,90.3,2.59,21,1
1265,4.3,50.5,3.1,18,1
1266,2.2,64.5,3.22,23,0
1267,1.9,51.4,3.06,22,0
1268,3.4,82.8,0.82,22,1
1269,1.2,96.2,3.46,20,0
1270,1.2,67.3,3.72,20,1
1271,5.4,93.7,2.11,18,1
1272,1.2,85.1,2.69,21,1
1273,0.6,90.2,1.79,20,1
1274,1.9,91.5,0.94,21,1
1275,2.3,79.2,1.91,23,1
1276,4.7,46.2,2.07,18,0
1277,2.0,79.8,2.22,19,1
1278,8.5,100.0,1.73,20,1
1279,3.6,70.0,1.91,18,0
1280,1.7,90.6,2.49,19,1
1281,4.5,95.2,1.88,20,1
1282,8.4,54.0,2.93,19,1
1283,5.3,20.0,3.05,22,1
1284,0.8,91.0,4.0,18,1
1285,2.4,87.4,3.4,22,1
1286,4.0,89.5,2.69,21,1
1287,5.2,100.0,2.0,18,1
1288,2.9,95.7,2.73,18,1
1289,2.6,82.2,2.76,18,1
1290,10.4,88.4,2.09,18,1
1291,5.4,64.3,3.13,22,1
1292,4.5,64.0,1.38,19,0
1293,2.1,68.0,2.3,22,1
1294,1.2,48.8,2.94,18,1
1295,4.6,70.0,2.27,21,0
1296,5.8,91.6,2.33,18,1
1297,3.3,100.0,2.39,18,1
1298,5.4,92.9,1.83,19,1
1299,5.5,67.8,3.44,18,1
1300,6.0,63.3,1.69,18,1
1301,0.7,75.4,2.75,19,1
1302,2.5,91.2,2.83,20,1
1303,4.8,90.6,1.74,22,1
1304,3.5,79.5,2.56,21,0
1305,5.5,42.6,1.77,22,0
1306,4.5,71.3,3.61,21,1
1307,0.5,91.1,1.59,20,1
1308,7.0,90.4,1.98,18,1
1309,2.2,50.1,1.52,20,1
1310,1.6,63.3,1.41,21,0
1311,6.9,72.5,3.77,22,1
1312,5.2,55.1,2.93,21,0
1313,7.5,100.0,2.61,22,1
1314,4.1,60.3,1.97,18,0
1315,2.5,86.5,3.23,19,0
1316,3.7,76.0,1.84,20,1
1317,1.3,79.2,3.13,22,1
1318,0.9,33.7,1.8,19,0
1319,2.0,100.0,1.98,19,1
1320,9.1,98.5,3.11,21,1
1321,2.1,77.2,3.19,18,1
1322,0.6,81.4,2.98,23,1
1323,2.9,70.7,1.66,18,1
1324,2.1,86.7,2.14,18,1
1325,7.1,77.7,2.63,20,1
1326,8.6,96.4,1.82,23,1
1327,2.4,23.0,3.6,21,0
1328,4.1,96.2,0.58,21,1
1329,4.3,72.7,1.88,20,1
1330,3.2,96.3,2.09,19,1
1331,2.8,73.8,0.22,18,0
1332,1.5,72.2,1.38,18,1
1333,0.5,95.9,3.0,20,1
1334,1.5,90.8,2.52,22,1
1335,3.1,63.6,3.76,20,1
1336,0.8,91.5,3.74,21,0
1337,3.9,89.7,2.85,23,1
1338,3.5,84.4,2.75,20,1
1339,2.1,79.5,2.55,19,1
1340,2.7,20.0,0.38,18,0
1341,1.0,85.6,1.38,24,1
1342,6.0,92.7,2.58,21,1
1343,5.9,98.5,2.99,18,1
1344,1.2,81.2,2.73,18,0
1345,1.2,56.5,1.79,22,1
1346,1.5,82.4,3.25,18,1
1347,5.0,95.5,3.69,23,1
1348,4.3,44.3,3.25,18,0
1349,6.8,91.4,3.29,22,1
1350,7.4,76.8,2.05,20,1
1351,0.7,92.6,3.36,20,1
1352,4.8,82.1,2.62,19,1
1353,7.2,90.6,2.91,23,1
1354,2.5,92.9,2.79,21,1
1355,3.3,97.0,2.4,18,1
1356,2.9,59.0,1.81,18,1
1357,3.0,87.7,2.43,20,1
1358,6.0,53.1,3.29,19,1
1359,10.2,53.2,2.15,18,1
1360,8.3,72.2,3.21,19,1
1361,2.2,90.0,3.09,18,1
1362,4.1,95.0,2.26,20,1
1363,1.7,52.2,3.61,21,0
1364,1.8,77.6,2.22,22,1
1365,3.2,20.0,3.71,21,0
1366,1.8,92.7,2.85,18,1
1367,2.0,77.5,2.49,20,1
1368,4.0,45.8,1.79,20,0
1369,4.8,49.0,2.43,18,1
1370,4.7,89.0,2.34,20,1
1371,4.7,95.1,1.49,23,1
1372,1.1,87.4,2.33,20,1
1373,1.7,72.8,1.86,18,1
1374,3.4,91.2,2.97,20,1
1375,6.9,95.3,3.55,18,1
1376,13.9,79.4,1.52,21,1
1377,4.2,84.0,3.87,21,1
1378,5.6,67.6,2.4,19,1
1379,0.9,99.0,1.72,19,1
1380,5.5,45.2,3.11,19,1
1381,11.6,80.5,2.14,20,1
1382,1.7,90.3,2.43,18,1
1383,2.1,100.0,2.18,18,1
1384,6.1,45.5,1.85,22,1
1385,3.4,87.4,3.08,19,1
1386,0.5,39.8,2.27,20,0
1387,2.2,39.3,1.35,20,0
1388,8.6,95.5,2.94,20,1
1389,2.7,79.5,1.54,18,0
1390,2.7,99.2,1.58,18,1
1391,5.8,94.1,3.45,18,1
1392,4.3,87.0,1.54,20,1
1393,2.5,65.1,0.65,18,1
1394,2.0,25.0,3.0,19,0
1395,15.0,91.3,2.26,24,1
1396,7.7,62.3,2.33,18,1
1397,4.7,59.8,2.25,18,1
1398,5.0,100.0,2.69,23,1
1399,3.0,44.1,1.9,19,0
1400,4.3,68.4,3.68,18,0
1401,2.8,78.8,1.32,22,1
1402,1.6,74.8,2.86,20,1
1403,4.4,85.8,3.01,19,1
1404,2.6,97.1,1.89,20,1
1405,4.5,88.3,1.68,18,1
1406,5.2,69.7,3.31,18,1
1407,4.7,74.8,1.71,19,1
1408,1.5,57.1,2.01,18,1
1409,2.4,66.1,3.21,20,1
1410,2.6,77.9,2.53,20,1
1411,6.5,83.3,1.06,21,1
1412,6.3,84.2,3.9,22,1
1413,1.8,53.2,2.08,19,1
1414,1.0,64.4,2.18,20,1
1415,14.3,46.0,2.7,20,1
1416,4.6,75.5,3.0,20,1
1417,0.9,58.0,4.0,19,1
1418,2.1,72.1,1.17,18,1
1419,6.7,86.5,3.16,21,1
1420,12.2,90.8,3.09,18,1
1421,10.9,88.0,2.39,19,1
1422,4.4,95.4,3.13,18,1
1423,3.3,85.5,3.25,18,1
1424,1.3,70.6,1.39,18,1
1425,3.6,92.3,3.9,22,1
1426,1.5,87.7,1.25,21,0
1427,2.4,79.9,1.59,18,1
1428,6.1,80.7,2.29,21,1
1429,2.8,97.9,4.0,21,1
1430,2.6,60.1,2.25,19,0
1431,3.2,100.0,2.47,18,1
1432,15.0,100.0,3.65,19,1
1433,1.2,80.0,2.26,19,1
1434,4.1,77.3,1.56,18,0
1435,10.2,57.3,2.17,20,1
1436,3.2,100.0,3.6,20,1
1437,7.6,100.0,2.56,20,1
1438,1.0,70.2,4.0,20,1
1439,2.8,92.8,3.09,21,0
1440,1.7,81.9,1.98,19,0
1441,3.2,71.4,2.54,20,1
1442,3.2,51.4,1.82,19,1
1443,3.5,64.8,1.97,18,1
1444,6.0,87.7,4.0,22,1
1445,0.5,81.1,3.31,18,1
1446,2.0,82.2,3.19,21,1
1447,3.9,39.7,2.0,18,1
1448,0.5,97.0,3.76,18,1
1449,5.2,60.5,3.38,20,1
1450,2.0,43.0,4.0,18,0
1451,2.9,77.7,3.97,18,1
1452,6.2,92.7,1.32,18,1
1453,7.8,100.0,1.61,19,1
1454,5.3,89.2,1.7,18,1
1455,1.2,48.1,1.74,23,0
1456,5.1,100.0,2.76,23,1
1457,5.4,77.3,2.05,18,1
1458,4.7,95.3,4.0,21,1
1459,8.7,63.9,4.0,21,1
1460,3.6,69.6,2.49,21,1
1461,8.5,89.1,4.0,18,1
1462,8.4,89.4,3.69,19,1
1463,5.5,86.1,2.14,18,1
1464,4.2,77.2,0.89,19,1
1465,4.7,100.0,2.33,18,1
1466,9.9,66.1,1.98,19,1
1467,6.9,100.0,2.67,18,1
1468,1.3,77.3,2.57,19,1
1469,4.5,27.9,2.55,18,0
1470,1.6,42.1,2.92,20,1
1471,1.9,98.2,1.53,18,1
1472,2.5,70.5,2.83,20,1
1473,0.9,85.8,2.15,22,1
1474,1.5,93.0,2.66,23,1
1475,9.0,79.6,3.27,18,1
1476,1.9,62.1,1.52,18,0
1477,6.1,100.0,2.27,19,1
1478,3.8,98.2,2.41,20,1
1479,5.0,54.1,2.09,18,1
1480,5.1,83.7,3.22,18,1
1481,1.4,31.1,1.92,20,0
1482,6.0,80.5,2.06,20,0
1483,1.1,94.6,1.93,20,1
1484,1.8,85.5,3.37,20,1
1485,5.1,94.5,2.11,20,1
1486,1.3,55.8,2.87,20,0
1487,0.5,93.9,4.0,20,1
1488,4.3,48.8,2.44,21,1
1489,0.7,55.0,3.39,18,1
1490,5.4,88.7,3.84,23,1
1491,2.6,51.3,3.32,18,1
1492,4.3,97.4,2.49,18,1
1493,4.2,47.8,3.01,19,1
1494,5.7,74.8,1.47,21,1
1495,5.2,33.3,1.88,18,1
1496,1.3,94.4,2.02,19,1
1497,2.7,85.8,4.0,21,1
1498,4.3,60.1,1.85,21,1
1499,8.6,95.9,1.84,18,1
1500,5.2,91.9,1.66,19,1
1501,8.1,89.6,2.95,18,1
1502,4.4,78.6,2.61,19,0
1503,7.0,73.7,3.37,18,1
1504,4.0,81.9,3.04,18,1
1505,6.8,96.2,1.4,20,1
1506,2.5,52.3,1.85,20,1
1507,9.2,100.0,3.59,20,1
1508,4.8,87.7,2.34,20,1
1509,0.9,77.1,3.45,21,1
1510,4.4,31.4,2.38,21,1
1511,5.2,100.0,1.73,18,1
1512,6.2,54.7,2.26,18,1
1513,11.4,100.0,1.73,19,1
1514,2.2,77.2,2.05,19,1
1515,11.4,91.7,2.66,18,1
1516,3.3,68.2,2.91,21,1
1517,1.8,90.8,1.23,23,1
1518,2.2,89.8,2.49,20,1
1519,5.0,60.6,2.03,20,1
1520,1.5,100.0,1.98,21,1
1521,2.5,82.0,2.61,18,1
1522,4.3,86.2,2.06,20,1
1523,9.2,90.3,3.61,21,1
1524,6.1,87.2,3.45,18,1
1525,3.4,61.1,3.45,18,1
1526,5.0,71.4,2.1,19,1
1527,4.0,95.3,1.73,19,1
1528,1.2,96.3,2.57,18,1
1529,10.2,42.8,2.38,24,1
1530,9.3,75.8,2.01,19,1
1531,3.1,89.9,1.56,18,1
1532,2.3,100.0,2.47,19,1
1533,1.2,74.1,2.18,21,1
1534,5.2,100.0,3.05,20,1
1535,5.2,96.5,3.03,20,1
1536,1.7,62.2,3.38,18,1
1537,4.0,92.3,1.49,22,1
1538,5.9,60.5,2.82,21,1
1539,2.2,55.5,1.92,22,1
1540,2.9,76.1,1.52,20,1
1541,2.8,91.3,2.16,21,1
1542,1.8,88.9,3.35,18,1
1543,2.9,62.4,2.2,19,1
1544,0.7,89.4,3.75,22,1
1545,2.7,96.5,2.94,23,1
1546,2.7,79.8,2.18,18,1
1547,3.2,86.7,3.43,20,1
1548,4.7,59.9,2.86,19,0
1549,1.1,57.2,1.75,18,1
1550,1.3,94.4,3.99,20,1
1551,1.7,64.2,2.71,22,0
1552,1.0,73.7,2.52,20,1
1553,5.1,76.7,1.82,19,1
1554,2.1,71.0,3.44,21,1
1555,3.3,94.5,2.91,19,1
1556,1.6,82.5,3.0,20,1
1557,2.5,77.5,2.09,22,1
1558,4.2,40.0,3.17,18,1
1559,4.3,69.1,3.23,21,1
1560,1.4,95.7,1.96,18,1
1561,3.1,43.8,1.37,22,1
1562,1.6,58.5,2.97,18,0
1563,3.0,39.2,1.24,18,0
1564,1.9,41.4,2.62,21,1
1565,10.7,84.1,2.14,20,1
1566,5.9,64.2,3.47,18,1
1567,4.5,88.5,2.19,18,1
1568,2.7,100.0,3.39,19,1
1569,6.0,96.2,2.09,18,1
1570,3.2,68.6,3.3,18,1
1571,10.0,83.6,4.0,20,1
1572,6.4,85.3,1.65,18,1
1573,2.5,65.6,2.73,20,1
1574,9.2,97.0,4.0,22,1
1575,2.7,57.9,2.55,19,1
1576,11.1,89.7,2.55,20,1
1577,9.5,73.1,3.13,24,1
1578,4.2,82.0,2.53,18,0
1579,0.8,87.0,1.13,22,1
1580,3.9,47.4,3.41,22,1
1581,1.2,92.7,0.9,21,0
1582,2.0,87.1,2.17,22,1
1583,2.1,90.4,3.47,20,1
1584,1.2,86.0,2.21,18,1
1585,3.9,40.2,1.95,22,1
1586,1.8,44.3,3.2,22,0
1587,2.8,45.1,1.82,22,1
1588,2.1,49.2,1.52,20,1
1589,4.7,77.6,2.72,18,1
1590,4.5,47.1,2.35,20,1
1591,2.6,87.4,1.51,21,1
1592,4.9,77.5,3.01,22,1
1593,7.6,100.0,2.87,19,1
1594,0.5,79.7,2.21,20,1
1595,2.0,46.8,2.27,18,1
1596,1.5,46.5,2.88,21,0
1597,1.9,96.9,3.45,18,1
1598,0.5,73.7,2.27,21,1
1599,0.5,56.2,3.02,18,1
1600,2.2,80.8,2.95,22,1
1601,2.2,56.9,3.2,20,1
1602,8.4,95.6,2.53,18,1
1603,3.7,74.9,1.77,21,1
1604,4.8,93.6,2.13,18,1
1605,15.0,98.5,2.77,21,1
1606,10.1,93.2,3.95,19,1
1607,3.2,99.0,2.11,18,1
1608,2.4,64.8,3.14,18,1
1609,2.1,78.8,2.24,19,1
1610,4.3,57.0,2.59,22,1
1611,2.4,77.9,3.71,21,1
1612,1.2,67.4,3.11,23,1
1613,2.1,76.1,1.51,23,1
1614,4.3,97.6,2.04,18,1
1615,5.4,70.6,3.5,19,1
1616,10.7,100.0,2.61,19,1
1617,3.6,83.2,1.58,18,0
1618,7.9,82.6,1.84,18,1
1619,2.9,95.7,3.06,19,0
1620,3.2,75.7,3.3,18,1
1621,3.0,87.1,2.51,19,0
1622,3.9,72.7,4.0,24,1
1623,6.1,66.1,3.16,18,1
1624,2.3,87.1,2.31,20,1
1625,1.5,56.3,1.85,21,1
1626,6.5,96.0,1.72,20,1
1627,6.1,100.0,2.77,20,1
1628,8.8,93.2,2.11,19,1
1629,2.0,92.7,3.84,19,1
1630,2.8,100.0,3.67,18,1
1631,6.6,86.8,3.01,21,1
1632,2.3,45.4,1.56,18,0
1633,5.3,86.6,1.96,21,1
1634,2.9,53.8,3.5,18,0
1635,4.2,99.8,2.05,21,1
1636,1.2,43.7,3.4,19,0
1637,3.6,56.9,2.88,18,0
1638,7.5,65.8,2.54,21,1
1639,5.8,82.6,1.94,21,1
1640,1.4,70.0,2.42,19,1
1641,10.2,100.0,2.65,21,1
1642,7.2,83.1,3.33,18,1
1643,1.2,92.5,1.79,18,1
1644,2.1,89.1,2.29,22,1
1645,1.3,94.7,2.54,19,1
1646,4.3,93.6,3.03,18,1
1647,2.1,34.7,1.77,18,0
1648,0.5,99.2,1.45,18,0
1649,3.2,30.3,3.04,19,1
1650,6.3,69.7,1.29,19,1
1651,3.6,77.0,3.53,20,1
1652,4.9,46.8,2.38,19,1
1653,3.9,40.1,1.26,22,1
1654,5.6,76.2,2.12,20,1
1655,4.1,74.6,2.8,20,1
1656,3.0,43.8,2.07,22,0
1657,3.6,75.1,2.52,19,1
1658,9.0,71.3,3.09,18,1
1659,5.1,88.1,2.34,22,1
1660,1.4,59.3,1.75,20,1
1661,3.5,88.3,2.26,20,1
1662,4.3,99.8,3.63,18,1
1663,2.9,100.0,3.85,18,1
1664,0.5,95.8,0.88,21,1
1665,1.6,48.2,3.37,21,0
1666,2.4,82.5,2.7,21,1
1667,11.0,74.4,3.24,21,1
1668,4.8,97.1,2.06,21,1
1669,0.7,74.4,1.09,20,0
1670,3.1,100.0,2.97,19,1
1671,8.1,82.2,1.75,22,1
1672,2.0,98.6,1.39,19,1
1673,6.8,89.7,1.45,20,1
1674,0.7,93.6,2.98,18,1
1675,0.5,43.6,2.61,18,0
1676,7.5,69.3,3.13,19,1
1677,2.3,73.0,3.04,18,1
1678,2.4,85.3,2.16,21,1
1679,3.8,34.0,2.44,18,0
1680,4.6,61.8,2.09,20,1
1681,0.5,79.6,2.33,20,1
1682,1.9,99.0,1.73,18,1
1683,3.5,93.7,2.81,19,1
1684,4.6,70.2,3.36,20,1
1685,1.4,59.7,1.85,20,1
1686,2.8,92.5,3.53,19,1
1687,2.0,89.6,2.59,21,1
1688,3.9,88.1,2.69,19,1
1689,7.3,91.1,1.14,20,1
1690,2.5,100.0,1.05,20,1
1691,0.9,100.0,2.62,21,1
1692,1.8,90.7,3.13,18,1
1693,10.1,100.0,1.96,19,1
1694,1.6,62.0,3.84,18,0
1695,1.1,75.5,3.09,19,1
1696,2.4,94.6,1.77,22,1
1697,3.1,100.0,2.52,21,1
1698,2.1,89.6,4.0,18,0
1699,0.8,90.0,1.51,18,1
1700,4.2,99.9,2.92,20,1
1701,3.9,84.2,2.24,18,1
1702,5.5,86.0,3.07,18,1
1703,3.9,93.7,3.51,22,1
1704,9.6,89.7,2.19,18,1
1705,5.8,44.0,3.4,21,1
1706,5.0,61.1,4.0,22,0
1707,7.5,76.0,2.55,18,1
1708,3.7,78.0,3.13,18,1
1709,2.9,32.7,2.03,19,0
1710,4.2,55.5,2.52,18,1
1711,0.5,71.5,2.36,20,0
1712,3.7,91.9,3.14,19,1
1713,3.1,91.8,3.46,20,1
1714,4.5,100.0,2.41,22,1
1715,6.8,78.5,3.73,21,0
1716,5.1,66.1,3.72,20,0
1717,1.8,94.3,3.18,18,1
1718,6.1,94.4,2.09,20,1
1719,9.7,83.6,2.01,23,1
1720,6.9,91.9,1.85,18,1
1721,1.0,34.9,3.26,21,0
1722,5.0,36.0,1.53,19,1
1723,1.1,64.3,3.04,18,1
1724,2.7,76.0,1.64,21,1
1725,4.4,20.0,3.16,23,0
1726,4.0,91.1,2.51,21,1
1727,6.8,85.3,3.57,19,1
1728,9.7,80.7,3.41,18,1
1729,4.8,53.9,3.65,20,1
1730,2.5,92.4,3.67,21,1
1731,0.5,67.4,2.61,19,0
1732,8.0,100.0,1.57,19,1
1733,3.1,24.9,1.66,25,0
1734,3.2,83.2,0.83,22,0
1735,3.4,45.6,1.63,22,1
1736,4.6,74.7,2.56,18,0
1737,4.7,54.1,2.05,18,1
1738,2.7,87.9,2.36,20,1
1739,3.1,77.1,2.89,18,1
1740,2.0,52.2,2.26,23,1
1741,1.8,78.8,1.6,22,1
1742,1.8,79.8,2.46,18,1
1743,3.1,73.5,1.78,23,1
1744,1.5,69.1,2.28,19,1
1745,0.5,63.6,3.57,25,1
1746,2.5,58.3,2.28,20,1
1747,1.1,91.6,3.92,21,1
1748,3.6,83.7,3.65,22,1
1749,2.0,61.5,2.04,22,1
1750,4.7,41.2,1.61,21,1
1751,1.2,35.0,2.46,19,0
1752,0.5,90.9,3.42,21,1
1753,3.1,59.6,2.11,18,1
1754,2.4,51.2,3.23,20,1
1755,1.0,82.7,3.47,18,1
1756,5.8,61.8,1.88,18,1
1757,1.4,41.2,1.96,20,0
1758,1.7,92.1,3.07,22,1
1759,6.5,94.8,2.62,21,1
1760,4.8,89.1,1.95,19,1
1761,1.2,88.2,2.22,23,1
1762,2.6,88.9,2.44,18,1
1763,1.1,78.0,1.25,18,1
1764,6.2,93.7,3.11,18,1
1765,6.2,73.4,2.12,18,1
1766,10.6,38.1,0.27,21,1
1767,13.4,51.0,2.48,18,1
1768,2.0,77.6,1.91,20,0
1769,5.5,84.6,3.85,23,1
1770,0.5,29.7,2.03,18,0
1771,3.8,96.4,1.62,20,1
1772,4.6,86.4,2.91,21,1
1773,1.4,88.6,1.97,18,1
1774,1.9,55.5,1.88,22,0
1775,6.2,53.1,2.91,19,1
1776,4.6,100.0,1.67,19,1
1777,9.8,98.7,1.33,24,1
1778,9.0,89.0,3.88,21,1
1779,0.6,100.0,2.96,21,1
1780,2.2,71.5,2.29,22,1
1781,1.3,49.3,2.5,18,1
1782,5.7,47.8,2.9,22,1
1783,4.1,69.3,3.28,18,1
1784,1.4,89.9,1.9,18,0
1785,1.6,57.6,2.79,19,1
1786,7.7,97.0,2.09,18,1
1787,2.4,89.1,2.35,21,1
1788,0.5,71.2,2.63,20,0
1789,1.3,55.9,2.49,19,0
1790,11.1,62.6,3.09,21,1
1791,6.7,59.2,2.89,19,1
1792,1.0,91.3,1.29,19,0
1793,3.8,83.0,1.41,20,1
1794,6.4,79.2,2.2,20,1
1795,0.6,78.3,3.96,20,1
1796,6.9,88.4,1.82,19,1
1797,4.6,73.4,2.33,21,1
1798,1.8,89.4,2.07,19,1
1799,5.1,88.7,2.06,18,1
1800,4.2,88.5,2.64,18,1
1801,4.4,56.6,3.62,21,0
1802,3.7,89.9,2.86,20,1
1803,1.5,70.7,1.86,20,1
1804,1.8,40.8,4.0,22,0
1805,2.8,97.4,2.56,19,1
1806,3.5,96.5,2.04,18,1
1807,5.4,96.6,3.63,20,1
1808,11.3,86.9,2.12,20,1
1809,4.0,82.8,3.83,19,1
1810,5.3,94.7,1.8,22,1
1811,6.2,61.8,3.64,18,1
1812,5.6,85.4,2.66,22,1
1813,1.5,73.4,3.53,21,1
1814,8.2,85.8,4.0,20,1
1815,7.4,74.4,1.59,18,1
1816,3.7,83.8,3.52,22,1
1817,1.6,80.6,1.37,18,1
1818,3.4,79.5,1.66,18,1
1819,0.7,71.2,1.86,19,1
1820,8.9,52.9,2.9,20,1
1821,2.0,58.6,2.53,21,1
1822,2.6,88.7,2.37,21,1
1823,8.5,82.9,2.62,21,1
1824,7.8,88.6,2.97,20,1
1825,4.3,93.3,3.03,20,1
1826,9.8,93.7,3.38,18,1
1827,1.4,99.1,3.96,18,1
1828,4.3,64.0,2.48,21,1
1829,1.5,80.1,2.08,21,1
1830,7.1,46.1,2.99,21,1
1831,6.9,61.4,1.58,18,1
1832,10.3,70.7,1.96,21,1
1833,3.3,86.2,3.3,18,1
1834,12.1,59.8,2.4,22,1
1835,1.3,63.4,1.53,19,1
1836,3.2,43.4,1.31,23,1
1837,1.4,95.8,2.54,18,1
1838,3.9,87.7,3.41,23,1
1839,1.5,80.6,3.4,19,0
1840,7.1,67.9,2.59,19,0
1841,4.7,81.3,4.0,20,1
1842,1.2,100.0,2.42,18,1
1843,6.0,98.7,2.39,19,1
1844,9.4,100.0,0.45,18,1
1845,5.0,85.8,2.14,18,1
1846,0.9,49.1,3.18,20,1
1847,3.0,35.1,3.75,18,1
1848,5.5,49.4,1.84,18,0
1849,2.7,88.9,2.87,18,1
1850,1.3,56.5,3.34,18,0
1851,7.6,41.7,2.51,22,1
1852,2.7,85.3,0.67,18,1
1853,9.4,81.1,2.7,18,1
1854,2.2,62.7,3.11,20,1
1855,2.5,92.2,1.74,19,1
1856,2.0,80.4,2.3,24,1
1857,2.9,83.2,1.58,19,1
1858,4.7,100.0,0.44,20,1
1859,1.4,56.2,3.32,21,1
1860,1.2,100.0,2.5,21,0
1861,0.6,44.5,3.78,20,1
1862,0.5,56.5,3.19,19,1
1863,0.9,91.6,2.22,24,1
1864,2.2,78.7,2.43,19,1
1865,3.8,79.2,2.95,19,1
1866,4.5,50.7,3.27,18,1
1867,3.7,36.7,2.76,18,0
1868,8.7,100.0,3.38,21,1
1869,10.5,100.0,2.26,18,1
1870,2.7,82.5,1.7,19,1
1871,1.4,90.5,2.45,19,1
1872,12.6,44.5,2.66,24,1
1873,7.4,97.2,1.54,18,1
1874,7.1,88.7,1.43,18,1
1875,2.1,56.2,2.86,19,1
1876,6.1,73.6,2.17,19,1
1877,3.7,73.8,2.37,18,1
1878,3.1,89.3,2.21,19,1
1879,3.1,76.8,3.72,18,1
1880,4.8,88.6,3.51,20,1
1881,8.8,93.7,1.51,18,1
1882,13.3,20.0,2.07,19,1
1883,2.4,95.2,3.18,18,1
1884,3.9,77.0,2.98,22,1
1885,3.1,89.6,2.47,23,1
1886,4.6,72.0,1.59,19,1
1887,2.8,92.1,1.95,22,1
1888,1.9,77.9,2.09,19,1
1889,2.4,71.2,2.72,18,1
1890,2.1,79.5,3.86,23,1
1891,3.0,42.4,1.95,21,1
1892,1.0,87.7,1.68,20,1
1893,2.1,49.2,2.41,21,1
1894,4.6,78.9,3.33,20,1
1895,4.5,92.0,1.34,19,1
1896,4.0,79.7,3.66,18,1
1897,8.3,84.9,2.36,19,1
1898,4.7,45.4,1.91,21,0
1899,8.2,56.7,1.22,19,1
1900,13.3,62.9,3.07,21,1
1901,6.2,73.0,2.36,20,1
1902,1.0,59.4,2.64,18,1
1903,4.1,58.1,1.78,18,1
1904,3.7,72.6,2.24,19,0
1905,9.3,63.6,2.11,18,1
1906,3.1,99.7,2.42,20,1
1907,1.7,50.1,1.96,18,0
1908,2.2,60.6,1.27,18,1
1909,1.0,87.6,4.0,22,1
1910,11.9,87.0,1.41,20,1
1911,3.4,68.2,2.65,18,1
1912,1.1,87.2,1.08,20,1
1913,9.9,74.3,0.9,22,1
1914,11.0,79.5,2.58,20,1
1915,3.8,82.9,2.64,21,1
1916,0.9,86.6,3.51,18,0
1917,2.3,57.8,2.82,22,1
1918,2.8,92.0,2.38,24,1
1919,3.5,99.4,1.74,18,1
1920,1.3,93.6,3.7,18,1
1921,6.5,88.8,3.24,20,1
1922,0.5,82.9,1.5,21,1
1923,7.3,100.0,2.53,19,1
1924,8.3,96.0,2.62,18,1
1925,2.5,77.7,2.22,19,1
1926,3.2,47.4,3.12,21,1
1927,9.1,61.5,3.17,19,1
1928,5.4,92.7,2.35,21,1
1929,2.6,86.8,2.28,22,1
1930,2.8,69.8,3.7,20,1
1931,4.8,46.7,3.25,19,1
1932,11.2,51.3,2.56,21,1
1933,2.9,98.1,1.2,18,1
1934,2.5,29.1,2.78,18,0
1935,3.5,98.2,3.06,19,1
1936,3.5,89.2,0.3,19,1
1937,4.2,90.9,2.7,18,1
1938,3.2,78.4,2.17,23,1
1939,7.6,49.9,2.32,24,1
1940,1.5,59.4,1.77,19,0
1941,4.6,34.3,2.38,20,0
1942,4.7,83.9,3.61,19,1
1943,1.7,77.7,2.14,22,0
1944,4.6,92.2,3.27,22,1
1945,4.8,92.8,1.85,18,1
1946,0.5,41.8,3.11,20,1
1947,1.4,84.0,2.5,18,1
1948,9.6,77.1,2.78,23,1
1949,2.0,99.2,2.51,20,1
1950,1.1,91.6,3.01,18,1
1951,0.5,65.5,0.45,19,0
1952,1.3,80.7,1.36,19,0
1953,3.1,51.0,2.83,21,1
1954,1.0,87.7,0.87,22,1
1955,5.4,65.7,2.08,18,1
1956,1.6,91.3,2.46,23,1
1957,4.3,100.0,1.84,23,1
1958,8.7,74.8,1.95,18,1
1959,8.3,73.9,2.72,20,1
1960,4.2,89.3,3.31,23,1
1961,1.2,66.4,1.73,22,1
1962,3.2,98.5,2.04,19,1
1963,4.3,58.7,1.91,21,1
1964,14.9,92.1,0.56,25,1
1965,0.5,45.2,2.61,20,0
1966,3.3,72.1,3.25,18,0
1967,5.3,79.4,3.31,20,1
1968,3.7,55.0,1.8,20,1
1969,4.0,83.1,1.5,18,1
1970,1.7,40.3,2.52,20,0
1971,6.5,94.5,3.16,18,1
1972,3.5,78.6,2.62,18,1
1973,4.0,65.9,2.73,21,1
1974,6.9,60.8,3.41,18,1
1975,2.6,91.8,1.91,21,1
1976,8.0,100.0,2.32,18,1
1977,1.0,49.1,3.81,18,1
1978,4.1,100.0,2.34,19,1
1979,1.6,20.3,1.49,20,1
1980,1.3,98.5,1.96,22,1
1981,11.2,79.8,1.75,20,1
1982,1.1,98.8,2.79,19,1
1983,3.5,95.6,1.78,21,1
1984,1.0,78.6,2.72,18,1
1985,7.7,73.0,1.91,20,1
1986,2.4,92.7,0.8,18,1
1987,6.9,99.0,2.75,20,1
1988,5.1,58.8,2.62,19,1
1989,13.5,85.6,2.91,18,1
1990,0.8,93.7,1.96,20,1
1991,1.4,75.8,1.88,20,1
1992,6.7,98.5,2.82,22,1
1993,4.3,50.1,3.72,18,1
1994,2.8,65.2,2.51,19,1
1995,11.9,90.0,2.84,18,1
1996,3.3,91.0,2.24,21,1
1997,1.7,61.4,1.27,21,1
1998,7.0,100.0,3.27,21,1
1999,3.4,100.0,3.23,18,1
2000,3.6,34.6,3.07,21,1
